Date,BTC,SPX,GOLD
2017-08-17,4331.689941,2430.01001,1292.4
2017-08-18,4160.620117,2425.550049,1291.6
2017-08-21,4001.73999,2428.370117,1296.7
2017-08-22,4100.52002,2452.51001,1291.0
2017-08-23,4151.52002,2444.040039,1294.7
2017-08-24,4334.680176,2438.969971,1292.0
2017-08-25,4371.600098,2443.050049,1297.9
2017-08-28,4382.660156,2444.23999,1315.3
2017-08-29,4579.02002,2446.300049,1318.9
2017-08-30,4565.299805,2457.590088,1314.1
2017-08-31,4703.390137,2471.649902,1322.2
2017-09-01,4892.009766,2476.550049,1330.4
2017-09-05,4376.529785,2457.850098,1344.5
2017-09-06,4597.120117,2465.540039,1339.0
2017-09-07,4599.879883,2465.100098,1350.3
2017-09-08,4228.75,2461.429932,1351.2
2017-09-11,4161.27002,2488.110107,1335.7
2017-09-12,4130.810059,2496.47998,1332.7
2017-09-13,3882.590088,2498.370117,1328.0
2017-09-14,3154.949951,2495.620117,1329.3
2017-09-15,3637.52002,2500.22998,1325.2
2017-09-18,4065.199951,2503.870117,1310.8
2017-09-19,3924.969971,2506.649902,1310.6
2017-09-20,3905.949951,2508.23999,1316.4
2017-09-21,3631.040039,2500.600098,1294.8
2017-09-22,3630.699951,2502.219971,1297.5
2017-09-25,3926.070068,2496.659912,1311.5
2017-09-26,3892.350098,2496.840088,1301.7
2017-09-27,4200.669922,2507.040039,1287.8
2017-09-28,4174.72998,2510.060059,1288.7
2017-09-29,4163.069824,2519.360107,1284.8
2017-10-02,4409.319824,2529.120117,1275.8
2017-10-03,4317.47998,2534.580078,1274.6
2017-10-04,4229.359863,2537.73999,1276.8
2017-10-05,4328.410156,2552.070068,1273.2
2017-10-06,4370.810059,2549.330078,1274.9
2017-10-09,4772.02002,2544.72998,1285.0
2017-10-10,4781.990234,2550.639893,1293.8
2017-10-11,4826.47998,2555.23999,1288.9
2017-10-12,5446.910156,2550.929932,1296.5
2017-10-13,5647.209961,2553.169922,1304.6
2017-10-16,5725.589844,2557.639893,1303.0
2017-10-17,5605.509766,2559.360107,1286.2
2017-10-18,5590.689941,2561.26001,1283.0
2017-10-19,5708.52002,2562.100098,1290.0
2017-10-20,6011.450195,2575.209961,1280.5
2017-10-23,5930.319824,2564.97998,1280.9
2017-10-24,5526.640137,2569.129883,1278.3
2017-10-25,5750.799805,2557.149902,1279.0
2017-10-26,5904.830078,2560.399902,1269.6
2017-10-27,5780.899902,2581.070068,1271.8
2017-10-30,6130.529785,2572.830078,1277.7
2017-10-31,6468.399902,2575.26001,1270.5
2017-11-01,6767.310059,2579.360107,1277.3
2017-11-02,7078.5,2579.850098,1278.1
2017-11-03,7207.759766,2587.840088,1269.2
2017-11-06,7022.759766,2591.129883,1281.6
2017-11-07,7144.379883,2590.639893,1275.8
2017-11-08,7459.689941,2594.379883,1283.7
2017-11-09,7143.580078,2584.620117,1287.5
2017-11-10,6618.140137,2582.300049,1274.2
2017-11-13,6559.490234,2584.840088,1278.9
2017-11-14,6635.75,2578.870117,1282.9
2017-11-15,7315.540039,2564.620117,1277.7
2017-11-16,7871.689941,2585.639893,1278.2
2017-11-17,7708.990234,2578.850098,1296.5
2017-11-20,8200.639648,2582.139893,1275.3
2017-11-21,8071.259766,2599.030029,1281.7
2017-11-22,8253.549805,2597.080078,1296.8
2017-11-24,8253.69043,2602.419922,1291.8
2017-11-27,9818.349609,2601.419922,1298.9
2017-11-28,10058.799805,2627.040039,1299.2
2017-11-29,9888.610352,2626.070068,1286.2
2017-11-30,10233.599609,2647.580078,1276.7
2017-12-01,10975.599609,2642.219971,1282.3
2017-12-04,11657.200195,2639.439941,1277.7
2017-12-05,11916.700195,2629.570068,1264.9
2017-12-06,14291.5,2629.27002,1266.1
2017-12-07,17899.699219,2636.97998,1253.1
2017-12-08,16569.400391,2651.5,1248.4
2017-12-11,16936.800781,2659.98999,1246.9
2017-12-12,17415.400391,2664.110107,1241.7
2017-12-13,16408.199219,2662.850098,1248.6
2017-12-14,16564.0,2652.01001,1257.1
2017-12-15,17706.900391,2675.810059,1257.5
2017-12-18,19114.199219,2690.159912,1265.5
2017-12-19,17776.699219,2681.469971,1264.2
2017-12-20,16624.599609,2679.25,1269.6
2017-12-21,15802.900391,2684.570068,1270.6
2017-12-22,13831.799805,2683.340088,1278.8
2017-12-26,16099.799805,2680.5,1287.5
2017-12-27,15838.5,2682.620117,1291.4
2017-12-28,14606.5,2687.540039,1297.2
2017-12-29,14656.200195,2673.610107,1309.3
2018-01-02,14982.099609,2695.810059,1316.1
2018-01-03,15201.0,2713.060059,1318.5
2018-01-04,15599.200195,2723.98999,1321.6
2018-01-05,17429.5,2743.149902,1322.3
2018-01-08,15170.099609,2747.709961,1320.4
2018-01-09,14595.400391,2751.290039,1313.7
2018-01-10,14973.299805,2748.22998,1319.3
2018-01-11,13405.799805,2767.560059,1322.5
2018-01-12,13980.599609,2786.23999,1334.9
2018-01-16,11490.5,2776.419922,1337.1
2018-01-17,11188.599609,2802.560059,1339.2
2018-01-18,11474.900391,2798.030029,1327.2
2018-01-19,11607.400391,2810.300049,1333.1
2018-01-22,10931.400391,2832.969971,1331.9
2018-01-23,10868.400391,2839.129883,1336.7
2018-01-24,11359.400391,2837.540039,1361.4
2018-01-25,11259.400391,2839.25,1368.0
2018-01-26,11171.400391,2872.870117,1357.2
2018-01-29,11296.400391,2853.530029,1345.1
2018-01-30,10106.299805,2822.429932,1340.0
2018-01-31,10221.099609,2823.810059,1343.1
2018-02-01,9170.540039,2821.97998,1347.9
2018-02-02,8830.75,2762.129883,1337.3
2018-02-05,6955.27002,2648.939941,1336.5
2018-02-06,7754.0,2695.139893,1329.5
2018-02-07,7621.299805,2681.659912,1314.6
2018-02-08,8265.589844,2581.0,1319.0
2018-02-09,8736.980469,2619.550049,1315.7
2018-02-12,8926.570313,2656.0,1326.4
2018-02-13,8598.30957,2662.939941,1330.4
2018-02-14,9494.629883,2698.629883,1358.0
2018-02-15,10166.400391,2731.199951,1355.3
2018-02-16,10233.900391,2732.219971,1356.2
2018-02-20,11403.700195,2716.26001,1331.2
2018-02-21,10690.400391,2701.330078,1332.1
2018-02-22,10005.0,2703.959961,1332.7
2018-02-23,10301.099609,2747.300049,1330.3
2018-02-26,10366.700195,2779.600098,1332.8
2018-02-27,10725.599609,2744.280029,1315.5
2018-02-28,10397.900391,2713.830078,1317.9
2018-03-01,10951.0,2677.669922,1305.2
2018-03-02,11086.400391,2691.25,1323.4
2018-03-05,11573.299805,2720.939941,1319.9
2018-03-06,10779.900391,2728.120117,1335.2
2018-03-07,9965.570313,2726.800049,1327.6
2018-03-08,9395.009766,2738.969971,1321.7
2018-03-09,9337.549805,2786.570068,1324.0
2018-03-12,9205.120117,2783.02002,1320.8
2018-03-13,9194.849609,2765.310059,1327.1
2018-03-14,8269.80957,2749.47998,1325.6
2018-03-15,8300.860352,2747.330078,1317.8
2018-03-16,8338.349609,2752.01001,1312.3
2018-03-19,8630.650391,2712.919922,1317.8
2018-03-20,8913.469727,2716.939941,1311.9
2018-03-21,8929.280273,2711.929932,1321.5
2018-03-22,8728.469727,2643.689941,1333.2
2018-03-23,8879.620117,2588.26001,1355.7
2018-03-26,8209.400391,2658.550049,1360.9
2018-03-27,7833.040039,2612.620117,1347.9
2018-03-28,7954.47998,2605.0,1330.0
2018-03-29,7165.700195,2640.870117,1327.3
2018-04-02,7083.799805,2581.879883,1352.9
2018-04-03,7456.109863,2614.449951,1337.3
2018-04-04,6853.839844,2644.689941,1340.2
2018-04-05,6811.470215,2662.840088,1328.5
2018-04-06,6636.319824,2604.469971,1336.1
2018-04-09,6770.72998,2613.159912,1340.1
2018-04-10,6834.759766,2656.870117,1345.9
2018-04-11,6968.319824,2642.189941,1360.0
2018-04-12,7889.25,2663.98999,1341.9
2018-04-13,7895.959961,2656.300049,1347.9
2018-04-16,8058.669922,2677.840088,1350.7
2018-04-17,7902.089844,2706.389893,1349.5
2018-04-18,8163.419922,2708.639893,1353.5
2018-04-19,8294.30957,2693.129883,1348.8
2018-04-20,8845.830078,2670.139893,1338.3
2018-04-23,8930.879883,2670.290039,1324.0
2018-04-24,9697.5,2634.560059,1333.0
2018-04-25,8845.740234,2639.399902,1322.8
2018-04-26,9281.509766,2666.939941,1317.9
2018-04-27,8987.049805,2669.909912,1323.4
2018-04-30,9240.549805,2648.050049,1319.2
2018-05-01,9119.009766,2654.800049,1306.8
2018-05-02,9235.919922,2635.669922,1305.6
2018-05-03,9743.860352,2629.72998,1312.7
2018-05-04,9700.759766,2663.419922,1314.7
2018-05-07,9373.009766,2672.629883,1314.1
2018-05-08,9234.820313,2671.919922,1313.7
2018-05-09,9325.179688,2697.790039,1313.0
2018-05-10,9043.94043,2723.070068,1322.3
2018-05-11,8441.490234,2727.719971,1320.7
2018-05-14,8716.790039,2730.129883,1318.2
2018-05-15,8510.379883,2711.449951,1290.3
2018-05-16,8368.830078,2722.459961,1291.5
2018-05-17,8094.319824,2720.129883,1289.4
2018-05-18,8250.969727,2712.969971,1291.3
2018-05-21,8418.990234,2733.01001,1290.9
2018-05-22,8041.779785,2724.439941,1297.4
2018-05-23,7557.819824,2733.290039,1294.8
2018-05-24,7587.339844,2727.76001,1309.8
2018-05-25,7480.140137,2721.330078,1309.0
2018-05-29,7472.589844,2689.860107,1304.1
2018-05-30,7406.52002,2724.01001,1306.5
2018-05-31,7494.169922,2705.27002,1304.7
2018-06-01,7541.450195,2734.620117,1299.3
2018-06-04,7514.470215,2746.870117,1297.3
2018-06-05,7633.759766,2748.800049,1302.2
2018-06-06,7653.97998,2772.350098,1301.4
2018-06-07,7678.240234,2770.370117,1303.0
2018-06-08,7624.919922,2779.030029,1302.7
2018-06-11,6906.919922,2782.0,1303.2
2018-06-12,6582.359863,2786.850098,1299.4
2018-06-13,6349.899902,2775.629883,1301.3
2018-06-14,6675.350098,2782.48999,1308.3
2018-06-15,6456.580078,2779.659912,1278.5
2018-06-18,6734.819824,2773.75,1280.1
2018-06-19,6769.939941,2762.590088,1278.6
2018-06-20,6776.549805,2767.320068,1274.5
2018-06-21,6729.740234,2749.76001,1270.5
2018-06-22,6083.689941,2754.879883,1270.7
2018-06-25,6249.180176,2717.070068,1268.9
2018-06-26,6093.669922,2723.060059,1259.9
2018-06-27,6157.129883,2699.629883,1256.1
2018-06-28,5903.439941,2716.310059,1251.0
2018-06-29,6218.299805,2718.370117,1254.5
2018-07-02,6614.180176,2726.709961,1241.7
2018-07-03,6529.589844,2713.219971,1253.5
2018-07-05,6639.140137,2736.610107,1258.8
2018-07-06,6673.5,2759.820068,1255.8
2018-07-09,6741.75,2784.169922,1259.6
2018-07-10,6329.950195,2793.840088,1255.4
2018-07-11,6394.709961,2774.02002,1244.4
2018-07-12,6228.810059,2798.290039,1246.6
2018-07-13,6238.049805,2801.310059,1241.2
2018-07-16,6741.75,2798.429932,1239.7
2018-07-17,7321.040039,2809.550049,1227.3
2018-07-18,7370.779785,2815.620117,1227.9
2018-07-19,7466.859863,2804.48999,1224.0
2018-07-20,7354.129883,2801.830078,1231.1
2018-07-23,7711.109863,2806.97998,1234.4
2018-07-24,8424.269531,2820.399902,1234.6
2018-07-25,8181.390137,2846.070068,1241.0
2018-07-26,7951.580078,2837.439941,1235.3
2018-07-27,8165.009766,2818.820068,1232.7
2018-07-30,8180.47998,2802.600098,1231.5
2018-07-31,7780.439941,2816.290039,1233.6
2018-08-01,7624.910156,2813.360107,1227.6
2018-08-02,7567.149902,2827.219971,1210.6
2018-08-03,7434.390137,2840.350098,1223.2
2018-08-06,6951.799805,2850.399902,1208.6
2018-08-07,6753.120117,2858.449951,1218.3
2018-08-08,6305.799805,2857.699951,1221.0
2018-08-09,6568.22998,2853.580078,1219.9
2018-08-10,6184.709961,2833.280029,1219.0
2018-08-13,6297.569824,2821.929932,1198.9
2018-08-14,6199.709961,2839.959961,1193.0
2018-08-15,6308.52002,2818.370117,1185.0
2018-08-16,6334.72998,2840.689941,1184.0
2018-08-17,6580.629883,2850.129883,1184.2
2018-08-20,6308.529785,2857.050049,1194.6
2018-08-21,6488.759766,2862.959961,1200.0
2018-08-22,6376.709961,2861.820068,1203.3
2018-08-23,6534.879883,2856.97998,1194.0
2018-08-24,6719.959961,2874.689941,1213.3
2018-08-27,6884.640137,2896.73999,1216.0
2018-08-28,7096.279785,2897.52002,1207.4
2018-08-29,7047.160156,2914.040039,1211.5
2018-08-30,6978.22998,2901.129883,1205.0
2018-08-31,7037.580078,2901.52002,1206.7
2018-09-04,7361.660156,2896.719971,1199.1
2018-09-05,6792.830078,2888.600098,1201.3
2018-09-06,6529.169922,2878.050049,1204.3
2018-09-07,6467.069824,2871.679932,1200.4
2018-09-10,6329.700195,2877.129883,1199.8
2018-09-11,6321.200195,2887.889893,1202.2
2018-09-12,6351.799805,2888.919922,1210.9
2018-09-13,6517.310059,2904.179932,1208.2
2018-09-14,6512.709961,2904.97998,1201.1
2018-09-17,6281.200195,2888.800049,1205.8
2018-09-18,6371.299805,2904.310059,1202.9
2018-09-19,6398.540039,2907.949951,1202.2
2018-09-20,6519.669922,2930.75,1211.3
2018-09-21,6734.950195,2929.669922,1201.3
2018-09-24,6595.410156,2919.370117,1204.4
2018-09-25,6446.470215,2915.560059,1205.1
2018-09-26,6495.0,2905.969971,1199.1
2018-09-27,6676.75,2914.0,1182.3
2018-09-28,6644.129883,2913.97998,1196.2
2018-10-01,6589.620117,2924.590088,1191.7
2018-10-02,6556.100098,2923.429932,1207.0
2018-10-03,6502.589844,2925.51001,1202.9
2018-10-04,6576.689941,2901.610107,1201.6
2018-10-05,6622.47998,2885.570068,1205.6
2018-10-08,6652.22998,2884.429932,1184.4
2018-10-09,6642.640137,2880.340088,1191.5
2018-10-10,6585.529785,2785.679932,1193.4
2018-10-11,6256.240234,2728.370117,1227.6
2018-10-12,6274.580078,2767.129883,1222.0
2018-10-15,6596.540039,2750.790039,1226.4
2018-10-16,6596.109863,2809.919922,1231.0
2018-10-17,6544.430176,2809.209961,1227.4
2018-10-18,6476.709961,2768.780029,1230.1
2018-10-19,6465.410156,2767.780029,1228.7
2018-10-22,6487.160156,2755.879883,1224.6
2018-10-23,6475.740234,2740.689941,1236.8
2018-10-24,6495.839844,2656.100098,1231.1
2018-10-25,6476.290039,2705.570068,1232.4
2018-10-26,6474.75,2658.689941,1235.8
2018-10-29,6332.629883,2641.25,1227.6
2018-10-30,6334.27002,2682.629883,1225.3
2018-10-31,6317.609863,2711.73999,1215.0
2018-11-01,6377.779785,2740.370117,1238.6
2018-11-02,6388.439941,2723.060059,1233.3
2018-11-05,6419.660156,2738.310059,1232.3
2018-11-06,6461.009766,2755.449951,1226.3
2018-11-07,6530.140137,2813.889893,1228.7
2018-11-08,6453.720215,2806.830078,1225.1
2018-11-09,6385.620117,2781.01001,1208.6
2018-11-12,6371.27002,2726.219971,1201.3
2018-11-13,6359.490234,2722.179932,1199.2
2018-11-14,5738.350098,2701.580078,1210.1
2018-11-15,5648.029785,2730.199951,1215.0
2018-11-16,5575.549805,2736.27002,1223.0
2018-11-19,4871.490234,2690.72998,1225.3
2018-11-20,4451.870117,2641.889893,1221.2
2018-11-21,4602.169922,2649.929932,1225.8
2018-11-23,4347.109863,2632.560059,1223.2
2018-11-26,3779.129883,2673.449951,1228.7
2018-11-27,3820.719971,2682.169922,1219.9
2018-11-28,4257.419922,2743.790039,1229.8
2018-11-29,4278.84668,2737.800049,1230.4
2018-11-30,4017.268555,2760.169922,1226.0
2018-12-03,3894.130859,2790.370117,1239.6
2018-12-04,3956.893799,2700.060059,1246.6
2018-12-06,3521.101807,2695.949951,1243.6
2018-12-07,3419.937256,2633.080078,1252.6
2018-12-10,3502.656006,2637.719971,1249.4
2018-12-11,3424.588135,2636.780029,1247.2
2018-12-12,3486.950195,2651.070068,1250.0
2018-12-13,3313.677246,2650.540039,1247.4
2018-12-14,3242.484863,2599.949951,1241.4
2018-12-17,3545.864746,2545.939941,1251.8
2018-12-18,3696.059082,2546.159912,1253.6
2018-12-19,3745.950684,2506.959961,1256.4
2018-12-20,4134.441406,2467.419922,1267.9
2018-12-21,3896.543701,2416.620117,1258.1
2018-12-24,4078.599121,2351.100098,1271.8
2018-12-26,3857.297607,2467.699951,1273.0
2018-12-27,3654.833496,2488.830078,1281.1
2018-12-28,3923.918701,2485.73999,1283.0
2018-12-31,3742.700439,2506.850098,1281.3
2019-01-02,3943.409424,2510.030029,1284.1
2019-01-03,3836.741211,2447.889893,1294.8
2019-01-04,3857.717529,2531.939941,1285.8
2019-01-07,4025.248291,2549.689941,1289.9
2019-01-08,4030.8479,2574.409912,1285.9
2019-01-09,4035.296387,2584.959961,1292.0
2019-01-10,3678.924561,2596.639893,1287.4
2019-01-11,3687.365479,2596.26001,1289.5
2019-01-14,3706.052246,2582.610107,1289.1
2019-01-15,3630.675293,2610.300049,1288.4
2019-01-16,3655.006836,2616.100098,1293.8
2019-01-17,3678.563965,2635.959961,1292.3
2019-01-18,3657.839355,2670.709961,1282.6
2019-01-22,3604.577148,2632.899902,1283.4
2019-01-23,3585.123047,2638.699951,1290.2
2019-01-24,3600.865479,2642.330078,1285.9
2019-01-25,3599.765869,2664.76001,1304.2
2019-01-28,3470.450439,2643.850098,1309.3
2019-01-29,3448.116943,2640.0,1315.2
2019-01-30,3486.181641,2681.050049,1315.5
2019-01-31,3457.792725,2704.100098,1325.2
2019-02-01,3487.945313,2706.530029,1322.1
2019-02-04,3459.154053,2724.870117,1319.3
2019-02-05,3466.357422,2737.699951,1319.2
2019-02-06,3413.767822,2731.610107,1314.4
2019-02-07,3399.47168,2706.050049,1314.2
2019-02-08,3666.780273,2707.879883,1318.5
2019-02-11,3648.430664,2709.800049,1307.0
2019-02-12,3653.528564,2744.72998,1314.0
2019-02-13,3632.070557,2753.030029,1310.8
2019-02-14,3616.880859,2745.72998,1313.9
2019-02-15,3620.810791,2775.600098,1322.1
2019-02-19,3947.094482,2779.76001,1344.8
2019-02-20,3999.820557,2784.699951,1347.9
2019-02-21,3954.118164,2774.879883,1327.8
2019-02-22,4005.526611,2792.669922,1332.8
2019-02-25,3882.696289,2796.110107,1329.5
2019-02-26,3854.35791,2793.899902,1328.5
2019-02-27,3851.047363,2792.379883,1317.7
2019-02-28,3854.7854,2784.48999,1316.1
2019-03-01,3859.58374,2803.689941,1299.2
2019-03-04,3761.557129,2792.810059,1287.5
2019-03-05,3896.375,2789.649902,1284.7
2019-03-06,3903.942627,2771.449951,1287.6
2019-03-07,3911.484375,2748.929932,1286.1
2019-03-08,3901.131592,2743.070068,1299.3
2019-03-11,3905.227295,2783.300049,1291.1
2019-03-12,3909.15625,2791.52002,1296.3
2019-03-13,3906.717285,2810.919922,1309.3
2019-03-14,3924.369141,2808.47998,1293.4
2019-03-15,3960.911133,2822.47998,1302.9
2019-03-18,4032.507324,2832.939941,1301.5
2019-03-19,4071.190186,2832.570068,1306.5
2019-03-20,4087.476318,2824.22998,1300.5
2019-03-21,4029.326904,2854.879883,1313.6
2019-03-22,4023.968262,2800.709961,1318.7
2019-03-25,3963.070557,2798.360107,1329.0
2019-03-26,3985.080811,2818.459961,1321.4
2019-03-27,4087.066162,2805.370117,1316.9
2019-03-28,4069.107178,2815.439941,1295.3
2019-03-29,4098.374512,2834.399902,1298.5
2019-04-01,4158.183105,2867.189941,1294.2
2019-04-02,4879.87793,2867.23999,1295.4
2019-04-03,4973.021973,2873.399902,1295.3
2019-04-04,4922.798828,2879.389893,1294.3
2019-04-05,5036.681152,2892.73999,1295.6
2019-04-08,5289.770996,2895.77002,1297.1
2019-04-09,5204.958496,2878.199951,1308.3
2019-04-10,5324.551758,2888.209961,1313.9
2019-04-11,5064.487793,2888.320068,1293.3
2019-04-12,5089.539063,2907.409912,1295.2
2019-04-15,5067.108398,2905.580078,1291.3
2019-04-16,5235.55957,2907.060059,1277.2
2019-04-17,5251.937988,2900.449951,1276.8
2019-04-18,5298.385742,2905.030029,1276.0
2019-04-22,5399.365234,2907.969971,1277.6
2019-04-23,5572.362305,2933.679932,1273.2
2019-04-24,5464.866699,2927.25,1279.4
2019-04-25,5210.515625,2926.169922,1279.7
2019-04-26,5279.348145,2939.879883,1288.8
2019-04-29,5247.352539,2943.030029,1281.5
2019-04-30,5350.726563,2945.830078,1282.8
2019-05-01,5402.697266,2923.72998,1284.2
2019-05-02,5505.283691,2917.52002,1272.0
2019-05-03,5768.289551,2945.639893,1281.3
2019-05-06,5746.807129,2932.469971,1283.8
2019-05-07,5829.501465,2884.050049,1285.6
2019-05-08,5982.45752,2879.419922,1281.4
2019-05-09,6174.528809,2870.719971,1285.2
2019-05-10,6378.849121,2881.399902,1287.4
2019-05-13,7814.915039,2811.870117,1301.8
2019-05-14,7994.416016,2834.409912,1296.3
2019-05-15,8205.167969,2850.959961,1297.8
2019-05-16,7884.90918,2876.320068,1286.2
2019-05-17,7343.895508,2859.530029,1275.7
2019-05-20,7978.309082,2840.22998,1277.3
2019-05-21,7963.327637,2864.360107,1273.2
2019-05-22,7680.066406,2856.27002,1274.2
2019-05-23,7881.84668,2822.23999,1291.0
2019-05-24,7987.371582,2826.060059,1289.2
2019-05-28,8719.961914,2802.389893,1282.5
2019-05-29,8659.487305,2783.02002,1286.3
2019-05-30,8319.472656,2788.860107,1287.1
2019-05-31,8574.501953,2752.060059,1311.1
2019-06-03,8208.995117,2744.449951,1327.9
2019-06-04,7707.770996,2803.27002,1323.4
2019-06-05,7824.231445,2826.149902,1333.6
2019-06-06,7822.023438,2843.48999,1342.7
2019-06-07,8043.951172,2873.340088,1346.1
2019-06-10,8000.32959,2886.72998,1329.3
2019-06-11,7927.714355,2885.719971,1331.2
2019-06-12,8145.857422,2879.840088,1336.8
2019-06-13,8230.923828,2891.639893,1343.7
2019-06-14,8693.833008,2886.97998,1344.5
2019-06-17,9320.352539,2889.669922,1342.9
2019-06-18,9081.762695,2917.75,1350.7
2019-06-19,9273.521484,2926.459961,1348.8
2019-06-20,9527.160156,2954.179932,1396.9
2019-06-21,10144.556641,2950.459961,1400.1
2019-06-24,11011.102539,2945.350098,1418.2
2019-06-25,11790.916992,2917.379883,1418.7
2019-06-26,13016.231445,2913.780029,1411.6
2019-06-27,11182.806641,2924.919922,1412.0
2019-06-28,12407.332031,2941.76001,1409.7
2019-07-01,10583.134766,2964.330078,1385.6
2019-07-02,10801.677734,2973.01001,1408.0
2019-07-03,11961.269531,2995.820068,1420.9
2019-07-05,10978.459961,2990.409912,1400.1
2019-07-08,12285.958008,2975.949951,1400.0
2019-07-09,12573.8125,2979.629883,1400.5
2019-07-10,12156.512695,2993.070068,1412.5
2019-07-11,11358.662109,2999.909912,1406.7
2019-07-12,11815.986328,3013.77002,1412.2
2019-07-15,10895.089844,3014.300049,1413.5
2019-07-16,9477.641602,3004.040039,1411.2
2019-07-17,9693.802734,2984.419922,1421.3
2019-07-18,10666.482422,2995.110107,1428.1
2019-07-19,10530.732422,2976.610107,1426.7
2019-07-22,10343.106445,2985.030029,1426.9
2019-07-23,9900.767578,3005.469971,1421.7
2019-07-24,9811.925781,3019.560059,1436.5
2019-07-25,9911.841797,3003.669922,1427.5
2019-07-26,9870.303711,3025.860107,1432.2
2019-07-29,9519.145508,3020.969971,1433.3
2019-07-30,9607.423828,3013.179932,1441.8
2019-07-31,10085.62793,2980.379883,1437.8
2019-08-01,10399.668945,2953.560059,1432.4
2019-08-02,10518.174805,2932.050049,1457.5
2019-08-05,11805.65332,2844.73999,1464.6
2019-08-06,11478.168945,2881.77002,1484.2
2019-08-07,11941.96875,2883.97998,1507.3
2019-08-08,11966.407227,2938.090088,1509.5
2019-08-09,11862.936523,2918.649902,1508.5
2019-08-12,11382.616211,2882.699951,1517.2
2019-08-13,10895.830078,2926.320068,1514.1
2019-08-14,10051.704102,2840.600098,1527.8
2019-08-15,10311.545898,2847.600098,1531.2
2019-08-16,10374.338867,2888.679932,1523.6
2019-08-19,10916.053711,2923.649902,1511.6
2019-08-20,10763.232422,2900.51001,1515.7
2019-08-21,10138.049805,2924.429932,1515.7
2019-08-22,10131.055664,2922.949951,1497.3
2019-08-23,10407.964844,2847.110107,1537.6
2019-08-26,10370.820313,2878.379883,1537.2
2019-08-27,10185.5,2869.159912,1551.8
2019-08-28,9754.422852,2887.939941,1549.1
2019-08-29,9510.200195,2924.580078,1536.9
2019-08-30,9598.173828,2926.459961,1529.2
2019-09-03,10623.540039,2906.27002,1555.9
2019-09-04,10594.493164,2937.780029,1560.4
2019-09-05,10575.533203,2976.0,1525.5
2019-09-06,10353.302734,2978.709961,1506.2
2019-09-09,10334.974609,2978.429932,1511.1
2019-09-10,10115.975586,2979.389893,1499.2
2019-09-11,10178.37207,3000.929932,1503.2
2019-09-12,10410.126953,3009.570068,1507.4
2019-09-13,10360.546875,3007.389893,1490.9
2019-09-16,10276.793945,2997.959961,1503.1
2019-09-17,10241.272461,3005.699951,1513.4
2019-09-18,10198.248047,3006.72998,1515.8
2019-09-19,10266.415039,3006.790039,1506.2
2019-09-20,10181.641602,2992.070068,1507.3
2019-09-23,9729.324219,2991.780029,1531.5
2019-09-24,8620.566406,2966.600098,1532.1
2019-09-25,8486.993164,2984.870117,1512.3
2019-09-26,8118.967773,2977.620117,1515.2
2019-09-27,8251.845703,2961.790039,1506.4
2019-09-30,8293.868164,2976.73999,1472.9
2019-10-01,8343.276367,2940.25,1489.0
2019-10-02,8393.041992,2887.610107,1501.0
2019-10-03,8259.992188,2910.629883,1513.8
2019-10-04,8205.939453,2952.01001,1506.2
2019-10-07,8245.623047,2938.790039,1504.4
2019-10-08,8228.783203,2893.060059,1497.2
2019-10-09,8595.740234,2919.399902,1512.8
2019-10-10,8586.473633,2938.129883,1500.9
2019-10-11,8321.756836,2970.27002,1488.7
2019-10-14,8374.686523,2966.149902,1497.6
2019-10-15,8205.369141,2995.679932,1483.5
2019-10-16,8047.526855,2989.689941,1494.0
2019-10-17,8103.911133,2997.949951,1498.3
2019-10-18,7973.20752,2986.199951,1488.2
2019-10-21,8243.720703,3006.719971,1488.1
2019-10-22,8078.203125,2995.98999,1487.5
2019-10-23,7514.671875,3004.52002,1495.7
2019-10-24,7493.48877,3010.290039,1504.7
2019-10-25,8660.700195,3022.550049,1499.5
2019-10-28,9256.148438,3039.419922,1495.8
2019-10-29,9427.6875,3036.889893,1490.7
2019-10-30,9205.726563,3046.77002,1493.2
2019-10-31,9199.584961,3037.560059,1514.8
2019-11-01,9261.104492,3066.909912,1508.0
2019-11-04,9412.612305,3078.27002,1511.1
2019-11-05,9342.527344,3074.620117,1483.7
2019-11-06,9360.879883,3076.780029,1493.1
2019-11-07,9267.561523,3085.179932,1464.2
2019-11-08,8804.880859,3093.080078,1461.3
2019-11-11,8757.788086,3087.01001,1457.1
2019-11-12,8815.662109,3091.840088,1452.1
2019-11-13,8808.262695,3094.040039,1463.3
2019-11-14,8708.094727,3096.629883,1473.4
2019-11-15,8491.992188,3120.459961,1467.3
2019-11-18,8309.286133,3122.030029,1471.9
2019-11-19,8206.145508,3120.179932,1473.3
2019-11-20,8027.268066,3108.459961,1470.0
2019-11-21,7642.75,3103.540039,1470.5
2019-11-22,7296.577637,3110.290039,1468.8
2019-11-25,7146.133789,3133.639893,1463.8
2019-11-26,7218.371094,3140.52002,1467.4
2019-11-27,7531.663574,3153.629883,1453.4
2019-11-29,7761.243652,3140.97998,1472.7
2019-12-02,7321.988281,3113.870117,1469.2
2019-12-03,7320.145508,3093.199951,1478.2
2019-12-04,7252.034668,3112.76001,1480.2
2019-12-05,7448.307617,3117.429932,1483.1
2019-12-06,7546.996582,3145.909912,1459.1
2019-12-09,7400.899414,3135.959961,1464.9
2019-12-10,7278.119629,3132.52002,1462.6
2019-12-11,7217.427246,3141.629883,1475.0
2019-12-12,7243.134277,3168.570068,1472.3
2019-12-13,7269.68457,3168.800049,1475.6
2019-12-16,6932.480469,3191.449951,1480.5
2019-12-17,6640.515137,3192.52002,1480.6
2019-12-18,7276.802734,3191.139893,1478.7
2019-12-19,7202.844238,3205.370117,1478.2
2019-12-20,7218.816406,3221.219971,1474.7
2019-12-23,7355.628418,3224.01001,1488.7
2019-12-24,7322.532227,3223.379883,1499.1
2019-12-26,7238.966797,3239.909912,1514.4
2019-12-27,7290.088379,3240.02002,1518.1
2019-12-30,7292.995117,3221.290039,1518.6
2019-12-31,7193.599121,3230.780029,1519.5
2020-01-02,6985.470215,3257.850098,1528.1
2020-01-03,7344.884277,3234.850098,1549.2
2020-01-06,7769.219238,3246.280029,1568.8
2020-01-07,8163.692383,3237.179932,1574.3
2020-01-08,8079.862793,3253.050049,1560.2
2020-01-09,7879.071289,3274.699951,1554.3
2020-01-10,8166.554199,3265.350098,1557.5
2020-01-13,8144.194336,3288.129883,1550.6
2020-01-14,8827.764648,3283.149902,1544.6
2020-01-15,8807.010742,3289.290039,1554.0
2020-01-16,8723.786133,3316.810059,1550.5
2020-01-17,8929.038086,3329.620117,1558.8
2020-01-21,8745.894531,3320.790039,1556.4
2020-01-22,8680.875977,3321.75,1556.7
2020-01-23,8406.515625,3325.540039,1571.6
2020-01-24,8445.43457,3295.469971,1571.1
2020-01-27,8909.819336,3243.629883,1583.7
2020-01-28,9358.589844,3276.23999,1575.8
2020-01-29,9316.629883,3273.399902,1576.0
2020-01-30,9508.993164,3283.659912,1589.2
2020-01-31,9350.529297,3225.52002,1582.9
2020-02-03,9293.521484,3248.919922,1582.4
2020-02-04,9180.962891,3297.590088,1555.5
2020-02-05,9613.423828,3334.689941,1562.8
2020-02-06,9729.801758,3345.780029,1570.0
2020-02-07,9795.943359,3327.709961,1568.6
2020-02-10,9856.611328,3352.090088,1579.5
2020-02-11,10208.236328,3357.75,1565.6
2020-02-12,10326.054688,3379.449951,1571.6
2020-02-13,10214.379883,3373.939941,1578.8
2020-02-14,10312.116211,3380.159912,1582.7
2020-02-18,10141.996094,3370.290039,1600.0
2020-02-19,9633.386719,3386.149902,1611.8
2020-02-20,9608.475586,3373.22998,1620.5
2020-02-21,9686.441406,3337.75,1644.6
2020-02-24,9650.174805,3225.889893,1676.6
2020-02-25,9341.705078,3128.209961,1650.0
2020-02-26,8820.522461,3116.389893,1643.1
2020-02-27,8784.494141,2978.76001,1642.5
2020-02-28,8672.455078,2954.219971,1564.1
2020-03-02,8869.669922,3090.22998,1592.3
2020-03-03,8787.786133,3003.370117,1642.1
2020-03-04,8755.246094,3130.120117,1643.0
2020-03-05,9078.762695,3023.939941,1666.4
2020-03-06,9122.545898,2972.370117,1672.4
2020-03-09,7923.644531,2746.560059,1675.7
2020-03-10,7909.729492,2882.22998,1659.1
2020-03-11,7911.430176,2741.379883,1642.3
2020-03-12,4970.788086,2480.639893,1590.3
2020-03-13,5563.707031,2711.02002,1516.7
2020-03-16,5014.47998,2386.129883,1486.5
2020-03-17,5225.629395,2529.189941,1524.9
2020-03-18,5238.438477,2398.100098,1477.9
2020-03-19,6191.192871,2409.389893,1479.3
2020-03-20,6198.77832,2304.919922,1484.0
2020-03-23,6416.314941,2237.399902,1572.7
2020-03-24,6734.803711,2447.330078,1660.2
2020-03-25,6681.062988,2475.560059,1634.3
2020-03-26,6716.44043,2630.070068,1660.3
2020-03-27,6469.79834,2541.469971,1623.9
2020-03-30,6429.841797,2626.649902,1643.2
2020-03-31,6438.644531,2584.590088,1583.4
2020-04-01,6606.776367,2470.5,1591.4
2020-04-02,6793.624512,2526.899902,1637.7
2020-04-03,6733.387207,2488.649902,1633.7
2020-04-06,7271.78125,2663.679932,1677.0
2020-04-07,7176.414551,2659.409912,1683.7
2020-04-08,7334.098633,2749.97998,1684.3
2020-04-09,7302.089355,2789.820068,1736.2
2020-04-13,6845.037598,2761.629883,1744.8
2020-04-14,6842.427734,2846.060059,1768.9
2020-04-15,6642.109863,2783.360107,1740.2
2020-04-16,7116.804199,2799.550049,1731.7
2020-04-17,7096.18457,2874.560059,1689.2
2020-04-20,6881.958496,2823.159912,1711.2
2020-04-21,6880.323242,2736.560059,1687.8
2020-04-22,7117.20752,2799.310059,1738.3
2020-04-23,7429.724609,2797.800049,1745.4
2020-04-24,7550.900879,2836.73999,1723.5
2020-04-27,7795.601074,2878.47998,1723.8
2020-04-28,7807.058594,2863.389893,1722.2
2020-04-29,8801.038086,2939.51001,1703.4
2020-04-30,8658.553711,2912.429932,1694.2
2020-05-01,8864.766602,2830.709961,1694.5
2020-05-04,8912.654297,2842.73999,1713.3
2020-05-05,9003.070313,2868.439941,1710.6
2020-05-06,9268.761719,2848.419922,1688.5
2020-05-07,9951.518555,2881.189941,1725.8
2020-05-08,9842.666016,2929.800049,1709.9
2020-05-11,8601.795898,2930.189941,1698.0
2020-05-12,8804.477539,2870.120117,1706.8
2020-05-13,9269.987305,2820.0,1716.4
2020-05-14,9733.72168,2852.5,1740.9
2020-05-15,9328.197266,2863.699951,1753.4
2020-05-18,9726.575195,2953.909912,1734.4
2020-05-19,9729.038086,2922.939941,1745.6
2020-05-20,9522.981445,2971.610107,1750.6
2020-05-21,9081.761719,2948.51001,1721.9
2020-05-22,9182.577148,2955.449951,1734.6
2020-05-26,8835.052734,2991.77002,1728.2
2020-05-27,9181.017578,3036.129883,1726.8
2020-05-28,9525.750977,3029.72998,1728.3
2020-05-29,9439.124023,3044.310059,1736.9
2020-06-01,10167.268555,3055.72998,1750.3
2020-06-02,9529.803711,3080.820068,1734.0
2020-06-03,9656.717773,3122.870117,1704.8
2020-06-04,9800.636719,3112.350098,1727.4
2020-06-05,9665.533203,3193.929932,1683.0
2020-06-08,9771.489258,3232.389893,1705.1
2020-06-09,9795.700195,3207.179932,1721.9
2020-06-10,9870.094727,3190.139893,1720.7
2020-06-11,9321.78125,3002.100098,1739.8
2020-06-12,9480.84375,3041.310059,1737.3
2020-06-15,9450.702148,3066.590088,1727.2
2020-06-16,9538.024414,3124.73999,1736.5
2020-06-17,9480.254883,3113.48999,1735.6
2020-06-18,9411.84082,3115.340088,1731.1
2020-06-19,9288.018555,3097.73999,1753.0
2020-06-22,9648.717773,3117.860107,1766.4
2020-06-23,9629.658203,3131.290039,1782.0
2020-06-24,9313.610352,3050.330078,1775.1
2020-06-25,9264.813477,3083.76001,1770.6
2020-06-26,9162.917969,3009.050049,1780.3
2020-06-29,9190.854492,3053.23999,1781.2
2020-06-30,9137.993164,3100.290039,1800.5
2020-07-01,9228.325195,3115.860107,1779.9
2020-07-02,9123.410156,3130.01001,1790.0
2020-07-06,9375.474609,3179.719971,1793.5
2020-07-07,9252.277344,3145.320068,1809.9
2020-07-08,9428.333008,3169.939941,1820.6
2020-07-09,9277.967773,3152.050049,1803.8
2020-07-10,9278.807617,3185.040039,1801.9
2020-07-13,9243.614258,3155.219971,1814.1
2020-07-14,9243.213867,3197.52002,1813.4
2020-07-15,9192.836914,3226.560059,1813.8
2020-07-16,9132.227539,3215.570068,1800.3
2020-07-17,9151.392578,3224.72998,1810.0
2020-07-20,9164.231445,3251.840088,1817.4
2020-07-21,9374.887695,3257.300049,1843.9
2020-07-22,9525.363281,3276.02002,1865.1
2020-07-23,9581.072266,3235.659912,1890.0
2020-07-24,9536.892578,3215.629883,1897.5
2020-07-27,10990.873047,3239.409912,1955.4
2020-07-28,10912.823242,3218.439941,1963.9
2020-07-29,11100.467773,3258.439941,1976.7
2020-07-30,11111.213867,3246.219971,1966.8
2020-07-31,11323.466797,3271.120117,1985.9
2020-08-03,11246.348633,3294.610107,1986.3
2020-08-04,11205.892578,3306.51001,2021.0
2020-08-05,11747.022461,3327.77002,2049.3
2020-08-06,11779.773438,3349.159912,2069.4
2020-08-07,11601.472656,3351.280029,2028.0
2020-08-10,11878.111328,3360.469971,2039.7
2020-08-11,11410.525391,3333.689941,1946.3
2020-08-12,11584.93457,3380.350098,1949.0
2020-08-13,11784.137695,3373.429932,1970.4
2020-08-14,11768.871094,3372.850098,1949.8
2020-08-17,12254.402344,3381.98999,1998.7
2020-08-18,11991.233398,3389.780029,2013.1
2020-08-19,11758.283203,3374.850098,1970.3
2020-08-20,11878.37207,3385.51001,1946.5
2020-08-21,11592.489258,3397.159912,1947.0
2020-08-24,11774.595703,3431.280029,1939.2
2020-08-25,11366.134766,3443.620117,1923.1
2020-08-26,11488.363281,3478.72998,1952.5
2020-08-27,11323.397461,3484.550049,1932.6
2020-08-28,11542.5,3508.01001,1974.9
2020-08-31,11680.820313,3500.310059,1978.6
2020-09-01,11970.478516,3526.649902,1978.9
2020-09-02,11414.03418,3580.840088,1944.7
2020-09-03,10245.296875,3455.060059,1937.8
2020-09-04,10511.813477,3426.959961,1934.3
2020-09-08,10131.516602,3331.840088,1943.2
2020-09-09,10242.347656,3398.959961,1954.9
2020-09-10,10363.138672,3339.189941,1964.3
2020-09-11,10400.915039,3340.969971,1947.9
2020-09-14,10680.837891,3383.540039,1963.7
2020-09-15,10796.951172,3401.199951,1966.2
2020-09-16,10974.905273,3385.48999,1970.5
2020-09-17,10948.990234,3357.01001,1949.9
2020-09-18,10944.585938,3319.469971,1962.1
2020-09-21,10462.259766,3281.060059,1910.6
2020-09-22,10538.459961,3315.570068,1907.6
2020-09-23,10246.186523,3236.919922,1868.4
2020-09-24,10760.066406,3246.590088,1876.9
2020-09-25,10692.716797,3298.459961,1866.3
2020-09-28,10709.652344,3351.600098,1882.3
2020-09-29,10844.640625,3335.469971,1903.2
2020-09-30,10784.491211,3363.0,1895.5
2020-10-01,10619.452148,3380.800049,1916.3
2020-10-02,10575.974609,3348.419922,1907.6
2020-10-05,10793.339844,3408.600098,1920.1
2020-10-06,10604.40625,3360.969971,1908.8
2020-10-07,10668.96875,3419.439941,1890.8
2020-10-08,10915.685547,3446.830078,1895.1
2020-10-09,11064.458008,3477.139893,1926.2
2020-10-12,11555.363281,3534.219971,1928.9
2020-10-13,11425.899414,3511.929932,1894.6
2020-10-14,11429.506836,3488.669922,1907.3
2020-10-15,11495.349609,3483.340088,1908.9
2020-10-16,11322.123047,3483.810059,1906.4
2020-10-19,11742.037109,3426.919922,1911.7
2020-10-20,11916.334961,3443.120117,1915.4
2020-10-21,12823.689453,3435.560059,1929.5
2020-10-22,12965.891602,3453.48999,1904.6
2020-10-23,12931.539063,3465.389893,1905.2
2020-10-26,13075.248047,3400.969971,1905.7
2020-10-27,13654.21875,3390.679932,1911.9
2020-10-28,13271.285156,3271.030029,1879.2
2020-10-29,13437.882813,3310.110107,1868.0
2020-10-30,13546.522461,3269.959961,1879.9
2020-11-02,13550.489258,3310.23999,1892.5
2020-11-03,13950.300781,3369.159912,1910.4
2020-11-04,14133.707031,3443.439941,1896.2
2020-11-05,15579.848633,3510.449951,1946.8
2020-11-06,15565.880859,3509.439941,1951.7
2020-11-09,15332.31543,3550.5,1854.4
2020-11-10,15290.902344,3545.530029,1876.4
2020-11-11,15701.339844,3572.659912,1861.6
2020-11-12,16276.34375,3537.01001,1873.3
2020-11-13,16317.808594,3585.149902,1886.2
2020-11-16,16716.111328,3626.909912,1887.8
2020-11-17,17645.40625,3609.530029,1885.1
2020-11-18,17804.005859,3567.790039,1873.9
2020-11-19,17817.089844,3581.870117,1861.5
2020-11-20,18621.314453,3557.540039,1872.4
2020-11-23,18364.121094,3577.590088,1844.1
2020-11-24,19107.464844,3635.409912,1810.9
2020-11-25,18732.121094,3629.649902,1811.2
2020-11-27,17108.402344,3638.350098,1788.1
2020-11-30,19625.835938,3621.629883,1780.9
2020-12-01,18802.998047,3662.449951,1818.9
2020-12-02,19201.091797,3669.01001,1830.2
2020-12-03,19445.398438,3666.719971,1841.1
2020-12-04,18699.765625,3699.120117,1840.0
2020-12-07,19191.630859,3691.959961,1866.0
2020-12-08,18321.144531,3702.25,1874.9
2020-12-09,18553.916016,3672.820068,1838.5
2020-12-10,18264.992188,3668.100098,1837.4
2020-12-11,18058.904297,3663.459961,1843.6
2020-12-14,19246.644531,3647.48999,1832.1
2020-12-15,19417.076172,3694.620117,1855.3
2020-12-16,21310.597656,3701.169922,1859.1
2020-12-17,22805.162109,3722.47998,1890.4
2020-12-18,23137.960938,3709.409912,1888.9
2020-12-21,22803.082031,3694.919922,1882.8
2020-12-22,23783.029297,3687.26001,1870.3
2020-12-23,23241.345703,3690.01001,1878.1
2020-12-24,23735.949219,3703.060059,1883.2
2020-12-28,27084.808594,3735.360107,1880.4
2020-12-29,27362.4375,3727.040039,1882.9
2020-12-30,28840.953125,3732.040039,1893.4
2020-12-31,29001.720703,3756.070068,1895.1
2021-01-04,31971.914063,3700.649902,1946.6
2021-01-05,33992.429688,3726.860107,1954.4
2021-01-06,36824.363281,3748.139893,1908.6
2021-01-07,39371.042969,3803.790039,1913.6
2021-01-08,40797.609375,3824.679932,1835.4
2021-01-11,35566.65625,3799.610107,1850.8
2021-01-12,33922.960938,3801.189941,1844.2
2021-01-13,37316.359375,3809.840088,1854.9
2021-01-14,39187.328125,3795.540039,1851.4
2021-01-15,36825.367188,3768.25,1829.9
2021-01-19,36069.804688,3798.909912,1840.2
2021-01-20,35547.75,3851.850098,1870.2
2021-01-21,30825.699219,3853.070068,1869.3
2021-01-22,33005.761719,3841.469971,1859.9
2021-01-25,32366.392578,3855.360107,1859.0
2021-01-26,32569.849609,3849.620117,1854.8
2021-01-27,30432.546875,3750.77002,1848.9
2021-01-28,33466.097656,3787.379883,1841.2
2021-01-29,34316.386719,3714.23999,1850.3
2021-02-01,33537.175781,3773.860107,1863.9
2021-02-02,35510.289063,3826.310059,1833.4
2021-02-03,37472.089844,3830.169922,1835.1
2021-02-04,36926.066406,3871.73999,1791.2
2021-02-05,38144.308594,3886.830078,1813.0
2021-02-08,46196.464844,3915.590088,1834.2
2021-02-09,46481.105469,3911.22998,1837.5
2021-02-10,44918.183594,3909.879883,1842.7
2021-02-11,47909.332031,3916.379883,1826.8
2021-02-12,47504.851563,3934.830078,1823.2
2021-02-16,49199.871094,3932.590088,1799.0
2021-02-17,52149.007813,3931.330078,1772.8
2021-02-18,51679.796875,3913.969971,1775.0
2021-02-19,55888.132813,3906.709961,1777.4
2021-02-22,54207.320313,3876.5,1808.4
2021-02-23,48824.425781,3881.370117,1805.9
2021-02-24,49705.332031,3925.429932,1797.9
2021-02-25,47093.851563,3829.340088,1775.4
2021-02-26,46339.761719,3811.149902,1728.8
2021-03-01,49631.242188,3901.820068,1723.0
2021-03-02,48378.988281,3870.290039,1733.6
2021-03-03,50538.242188,3819.719971,1715.8
2021-03-04,48561.167969,3768.469971,1700.7
2021-03-05,48927.304688,3841.939941,1698.5
2021-03-08,52246.523438,3821.350098,1678.0
2021-03-09,54824.117188,3875.439941,1716.9
2021-03-10,56008.550781,3898.810059,1721.8
2021-03-11,57805.121094,3939.340088,1722.6
2021-03-12,57332.089844,3943.340088,1719.8
2021-03-15,55907.199219,3968.939941,1729.2
2021-03-16,56804.902344,3962.709961,1730.9
2021-03-17,58870.894531,3974.120117,1727.1
2021-03-18,57858.921875,3915.459961,1734.6
2021-03-19,58346.652344,3913.100098,1743.9
2021-03-22,54529.144531,3940.590088,1740.4
2021-03-23,54738.945313,3910.52002,1727.5
2021-03-24,52774.265625,3889.139893,1735.5
2021-03-25,51704.160156,3909.52002,1727.3
2021-03-26,55137.3125,3974.540039,1734.7
2021-03-29,57750.199219,3971.090088,1714.6
2021-03-30,58917.691406,3958.550049,1686.0
2021-03-31,58918.832031,3972.889893,1715.6
2021-04-01,59095.808594,4019.870117,1728.4
2021-04-05,59057.878906,4077.909912,1728.8
2021-04-06,58192.359375,4073.939941,1743.0
2021-04-07,56048.9375,4079.949951,1741.6
2021-04-08,58323.953125,4097.169922,1758.2
2021-04-09,58245.003906,4128.799805,1744.8
2021-04-12,59893.453125,4127.990234,1732.7
2021-04-13,63503.457031,4141.589844,1747.6
2021-04-14,63109.695313,4124.660156,1736.3
2021-04-15,63314.011719,4170.419922,1766.8
2021-04-16,61572.789063,4185.470215,1780.2
2021-04-19,55724.265625,4163.259766,1770.6
2021-04-20,56473.03125,4134.939941,1778.4
2021-04-21,53906.089844,4173.419922,1793.1
2021-04-22,51762.273438,4134.97998,1782.0
2021-04-23,51093.652344,4180.169922,1777.8
2021-04-26,54021.753906,4187.620117,1780.1
2021-04-27,55033.117188,4186.720215,1778.8
2021-04-28,54824.703125,4183.180176,1773.9
2021-04-29,53555.109375,4211.470215,1768.3
2021-04-30,57750.175781,4181.169922,1767.7
2021-05-03,57200.292969,4192.660156,1791.8
2021-05-04,53333.539063,4164.660156,1776.0
2021-05-05,57424.007813,4167.589844,1784.3
2021-05-06,56396.515625,4201.620117,1815.7
2021-05-07,57356.402344,4232.600098,1831.3
2021-05-10,55859.796875,4188.430176,1837.6
2021-05-11,56704.574219,4152.100098,1836.1
2021-05-12,49150.535156,4063.040039,1822.8
2021-05-13,49716.191406,4112.5,1824.0
2021-05-14,49880.535156,4173.850098,1838.1
2021-05-17,43537.511719,4163.290039,1867.6
2021-05-18,42909.402344,4127.830078,1868.0
2021-05-19,37002.441406,4115.680176,1881.5
2021-05-20,40782.738281,4159.120117,1883.9
2021-05-21,37304.691406,4155.859863,1878.9
2021-05-24,38705.980469,4197.049805,1886.7
2021-05-25,38402.222656,4188.129883,1900.5
2021-05-26,39294.199219,4195.990234,1903.8
2021-05-27,38436.96875,4200.879883,1898.5
2021-05-28,35697.605469,4204.109863,1905.3
2021-06-01,36684.925781,4202.040039,1905.0
2021-06-02,37575.179688,4208.120117,1909.9
2021-06-03,39208.765625,4192.850098,1873.3
2021-06-04,36894.40625,4229.890137,1892.0
2021-06-07,33560.707031,4226.52002,1898.8
2021-06-08,33472.632813,4227.259766,1894.4
2021-06-09,37345.121094,4219.549805,1895.5
2021-06-10,36702.597656,4239.180176,1896.4
2021-06-11,37334.398438,4247.439941,1879.6
2021-06-14,40218.476563,4255.149902,1865.9
2021-06-15,40406.269531,4246.589844,1856.4
2021-06-16,38347.0625,4223.700195,1861.4
2021-06-17,38053.503906,4221.859863,1774.8
2021-06-18,35787.246094,4166.450195,1769.0
2021-06-21,31676.693359,4224.790039,1782.9
2021-06-22,32505.660156,4246.439941,1777.4
2021-06-23,33723.027344,4241.839844,1783.4
2021-06-24,34662.4375,4266.490234,1776.7
2021-06-25,31637.779297,4280.700195,1777.8
2021-06-28,34434.335938,4290.609863,1780.7
2021-06-29,35867.777344,4291.799805,1763.6
2021-06-30,35040.835938,4297.5,1771.6
2021-07-01,33572.117188,4319.939941,1776.8
2021-07-02,33897.046875,4352.339844,1783.3
2021-07-06,34235.195313,4343.540039,1794.2
2021-07-07,33855.328125,4358.129883,1802.1
2021-07-08,32877.371094,4320.819824,1800.2
2021-07-09,33798.011719,4369.549805,1810.6
2021-07-12,33155.847656,4384.629883,1805.9
2021-07-13,32702.025391,4369.209961,1809.9
2021-07-14,32822.347656,4374.299805,1825.0
2021-07-15,31780.730469,4360.029785,1829.0
2021-07-16,31421.539063,4327.160156,1815.0
2021-07-19,30817.832031,4258.490234,1809.2
2021-07-20,29807.347656,4323.060059,1811.4
2021-07-21,32110.693359,4358.689941,1807.4
2021-07-22,32313.105469,4367.47998,1809.2
2021-07-23,33581.550781,4411.790039,1805.9
2021-07-26,37337.535156,4422.299805,1803.4
2021-07-27,39406.941406,4401.459961,1804.0
2021-07-28,39995.90625,4400.640137,1804.6
2021-07-29,40008.421875,4419.149902,1835.8
2021-07-30,42235.546875,4395.259766,1817.2
2021-08-02,39201.945313,4387.160156,1822.2
2021-08-03,38152.980469,4423.149902,1814.1
2021-08-04,39747.503906,4402.660156,1814.5
2021-08-05,40869.554688,4429.100098,1808.9
2021-08-06,42816.5,4436.52002,1763.1
2021-08-09,46365.402344,4432.350098,1726.5
2021-08-10,45585.03125,4436.75,1731.7
2021-08-11,45593.636719,4442.410156,1753.3
2021-08-12,44428.289063,4460.830078,1751.8
2021-08-13,47793.320313,4468.0,1778.2
2021-08-16,46004.484375,4479.709961,1789.8
2021-08-17,44695.359375,4448.080078,1787.8
2021-08-18,44801.1875,4400.27002,1784.4
2021-08-19,46717.578125,4405.799805,1783.1
2021-08-20,49339.175781,4441.669922,1784.0
2021-08-23,49546.148438,4479.529785,1806.3
2021-08-24,47706.117188,4486.22998,1808.5
2021-08-25,48960.789063,4496.189941,1791.0
2021-08-26,46942.21875,4470.0,1795.2
2021-08-27,49058.667969,4509.370117,1819.5
2021-08-30,47054.984375,4528.790039,1812.2
2021-08-31,47166.6875,4522.680176,1818.1
2021-09-01,48847.027344,4524.089844,1816.0
2021-09-02,49327.722656,4536.950195,1811.5
2021-09-03,50025.375,4535.430176,1833.7
2021-09-07,46811.128906,4520.029785,1798.5
2021-09-08,46091.390625,4514.069824,1793.5
2021-09-09,46391.421875,4493.279785,1800.0
2021-09-10,44883.910156,4458.580078,1792.1
2021-09-13,44963.074219,4468.72998,1794.4
2021-09-14,47092.492188,4443.049805,1807.1
2021-09-15,48176.347656,4480.700195,1794.8
2021-09-16,47783.359375,4473.75,1756.7
2021-09-17,47267.519531,4432.990234,1751.4
2021-09-20,42843.800781,4357.72998,1763.8
2021-09-21,40693.675781,4354.189941,1778.2
2021-09-22,43574.507813,4395.640137,1778.8
2021-09-23,44895.097656,4448.97998,1749.8
2021-09-24,42839.75,4455.47998,1751.7
2021-09-27,42235.730469,4443.109863,1752.0
2021-09-28,41034.542969,4352.629883,1737.5
2021-09-29,41564.363281,4359.459961,1722.9
2021-09-30,43790.894531,4307.540039,1757.0
2021-10-01,48116.941406,4357.040039,1758.4
2021-10-04,49112.902344,4300.459961,1767.6
2021-10-05,51514.8125,4345.720215,1760.9
2021-10-06,55361.449219,4363.549805,1761.8
2021-10-07,53805.984375,4399.759766,1759.2
2021-10-08,53967.847656,4391.339844,1757.4
2021-10-11,57484.789063,4361.189941,1755.7
2021-10-12,56041.058594,4350.649902,1759.3
2021-10-13,57401.097656,4363.799805,1794.7
2021-10-14,57321.523438,4438.259766,1797.9
2021-10-15,61593.949219,4471.370117,1768.3
2021-10-18,62026.078125,4486.459961,1765.7
2021-10-19,64261.992188,4519.629883,1770.5
2021-10-20,65992.835938,4536.189941,1784.9
2021-10-21,62210.171875,4549.779785,1781.9
2021-10-22,60692.265625,4544.899902,1796.3
2021-10-25,63039.824219,4566.47998,1806.8
2021-10-26,60363.792969,4574.790039,1793.4
2021-10-27,58482.386719,4551.680176,1798.8
2021-10-28,60622.136719,4596.419922,1802.6
2021-10-29,62227.964844,4605.379883,1783.9
2021-11-01,61004.40625,4613.669922,1795.8
2021-11-02,63226.402344,4630.649902,1789.4
2021-11-03,62970.046875,4660.569824,1763.9
2021-11-04,61452.230469,4680.060059,1793.5
2021-11-05,61125.675781,4697.529785,1816.8
2021-11-08,67566.828125,4701.700195,1828.0
2021-11-09,66971.828125,4685.25,1830.8
2021-11-10,64995.230469,4646.709961,1848.3
2021-11-11,64949.960938,4649.27002,1863.9
2021-11-12,64155.941406,4682.850098,1868.5
2021-11-15,63557.871094,4682.799805,1866.6
2021-11-16,60161.246094,4700.899902,1854.1
2021-11-17,60368.011719,4688.669922,1872.8
2021-11-18,56942.136719,4704.540039,1864.0
2021-11-19,58119.578125,4697.959961,1854.3
2021-11-22,56289.289063,4682.939941,1809.1
2021-11-23,57569.074219,4690.700195,1786.3
2021-11-24,56280.425781,4701.459961,1786.9
2021-11-26,53569.765625,4594.620117,1788.1
2021-11-29,57806.566406,4655.27002,1785.2
2021-11-30,57005.425781,4567.0,1776.5
2021-12-01,57229.828125,4513.040039,1784.3
2021-12-02,56477.816406,4577.100098,1762.7
2021-12-03,53598.246094,4538.430176,1783.9
2021-12-06,50582.625,4591.669922,1779.5
2021-12-07,50700.085938,4686.75,1784.7
2021-12-08,50504.796875,4701.209961,1785.5
2021-12-09,47672.121094,4667.450195,1776.7
2021-12-10,47243.304688,4712.02002,1784.8
2021-12-13,46737.480469,4668.970215,1788.3
2021-12-14,46612.632813,4634.089844,1772.3
2021-12-15,48896.722656,4709.850098,1764.5
2021-12-16,47665.425781,4668.669922,1798.2
2021-12-17,46202.144531,4620.640137,1804.9
2021-12-20,46880.277344,4568.02002,1794.6
2021-12-21,48936.613281,4649.22998,1788.7
2021-12-22,48628.511719,4696.560059,1802.2
2021-12-23,50784.539063,4725.790039,1811.7
2021-12-27,50640.417969,4791.189941,1808.8
2021-12-28,47588.855469,4786.350098,1810.9
2021-12-29,46444.710938,4793.060059,1805.8
2021-12-30,47178.125,4778.72998,1814.1
2021-12-31,46306.445313,4766.180176,1828.6
2022-01-03,46458.117188,4796.560059,1800.1
2022-01-04,45897.574219,4793.540039,1814.6
2022-01-05,43569.003906,4700.580078,1825.1
2022-01-06,43160.929688,4696.049805,1789.2
2022-01-07,41557.902344,4677.029785,1797.4
2022-01-10,41821.261719,4670.290039,1798.8
2022-01-11,42735.855469,4713.069824,1818.5
2022-01-12,43949.101563,4726.350098,1827.3
2022-01-13,42591.570313,4659.029785,1821.4
2022-01-14,43099.699219,4662.850098,1816.5
2022-01-18,42375.632813,4577.109863,1812.4
2022-01-19,41744.328125,4532.759766,1845.5
2022-01-20,40680.417969,4482.72998,1844.9
2022-01-21,36457.316406,4397.939941,1834.1
2022-01-24,36654.328125,4410.129883,1844.2
2022-01-25,36954.003906,4356.450195,1855.0
2022-01-26,36852.121094,4349.930176,1832.0
2022-01-27,37138.234375,4326.509766,1795.0
2022-01-28,37784.332031,4431.850098,1786.6
2022-01-31,38483.125,4515.549805,1796.4
2022-02-01,38743.273438,4546.540039,1801.5
2022-02-02,36952.984375,4589.379883,1810.3
2022-02-03,37154.601563,4477.439941,1804.1
2022-02-04,41500.875,4500.529785,1807.8
2022-02-07,43840.285156,4483.870117,1821.8
2022-02-08,44118.445313,4521.540039,1827.9
2022-02-09,44338.796875,4587.180176,1836.6
2022-02-10,43565.113281,4504.080078,1837.4
2022-02-11,42407.9375,4418.640137,1842.1
2022-02-14,42586.917969,4401.669922,1869.4
2022-02-15,44575.203125,4471.069824,1856.2
2022-02-16,43961.859375,4475.009766,1871.5
2022-02-17,40538.011719,4380.259766,1902.0
2022-02-18,40030.976563,4348.870117,1899.8
2022-02-22,38286.027344,4304.759766,1907.4
2022-02-23,37296.570313,4225.5,1910.4
2022-02-24,38332.609375,4288.700195,1926.3
2022-02-25,39214.21875,4384.649902,1887.6
2022-02-28,43193.234375,4373.939941,1900.7
2022-03-01,44354.636719,4306.259766,1943.8
2022-03-02,43924.117188,4386.540039,1922.3
2022-03-03,42451.789063,4363.490234,1935.9
2022-03-04,39137.605469,4328.870117,1966.6
2022-03-07,38062.039063,4201.089844,1995.9
2022-03-08,38737.269531,4170.700195,2043.3
2022-03-09,41982.925781,4277.879883,1988.2
2022-03-10,39437.460938,4259.52002,2000.4
2022-03-11,38794.972656,4204.310059,1985.0
2022-03-14,39666.753906,4173.109863,1960.8
2022-03-15,39338.785156,4262.450195,1929.7
2022-03-16,41143.929688,4357.859863,1909.2
2022-03-17,40951.378906,4411.669922,1948.2
2022-03-18,41801.15625,4463.120117,1933.9
2022-03-21,41077.996094,4461.180176,1934.8
2022-03-22,42358.808594,4511.609863,1926.7
2022-03-23,42892.957031,4456.240234,1942.6
2022-03-24,43960.933594,4520.160156,1967.7
2022-03-25,44348.730469,4543.060059,1959.8
2022-03-28,47128.003906,4575.52002,1944.7
2022-03-29,47465.730469,4631.600098,1918.0
2022-03-30,47062.664063,4602.450195,1939.0
2022-03-31,45538.675781,4530.410156,1954.0
2022-04-01,46281.644531,4545.859863,1923.7
2022-04-04,46622.675781,4582.640137,1934.0
2022-04-05,45555.992188,4525.120117,1927.5
2022-04-06,43206.738281,4481.149902,1923.1
2022-04-07,43503.847656,4500.209961,1937.8
2022-04-08,42287.664063,4488.279785,1945.6
2022-04-11,39521.902344,4412.529785,1948.2
2022-04-12,40127.183594,4397.450195,1976.1
2022-04-13,41166.730469,4446.589844,1984.7
2022-04-14,39935.515625,4392.589844,1974.9
2022-04-18,40826.214844,4391.689941,1986.4
2022-04-19,41502.75,4462.209961,1959.0
2022-04-20,41374.378906,4459.450195,1955.6
2022-04-21,40527.363281,4393.660156,1948.2
2022-04-22,39740.320313,4271.779785,1934.3
2022-04-25,40458.308594,4296.120117,1896.0
2022-04-26,38117.460938,4175.200195,1904.1
2022-04-27,39241.121094,4183.959961,1888.7
2022-04-28,39773.828125,4287.5,1891.3
2022-04-29,38609.824219,4131.930176,1911.7
2022-05-02,38529.328125,4155.379883,1863.6
2022-05-03,37750.453125,4175.47998,1870.6
2022-05-04,39698.371094,4300.169922,1868.8
2022-05-05,36575.140625,4146.870117,1875.7
2022-05-06,36040.921875,4123.339844,1882.8
2022-05-09,30296.953125,3991.23999,1858.6
2022-05-10,31022.90625,4001.050049,1841.0
2022-05-11,28936.355469,3935.179932,1853.7
2022-05-12,29047.751953,3930.080078,1824.6
2022-05-13,29283.103516,4023.889893,1808.2
2022-05-16,29862.917969,4008.01001,1814.0
2022-05-17,30425.857422,4088.850098,1818.9
2022-05-18,28720.271484,3923.679932,1822.4
2022-05-19,30314.333984,3900.790039,1847.8
2022-05-20,29200.740234,3901.360107,1848.4
2022-05-23,29098.910156,3973.75,1853.9
2022-05-24,29655.585938,3941.47998,1871.4
2022-05-25,29562.361328,3978.72998,1852.5
2022-05-26,29267.224609,4057.840088,1853.9
2022-05-27,28627.574219,4158.240234,1857.3
2022-05-31,31792.310547,4132.149902,1848.4
2022-06-01,29799.080078,4101.22998,1848.7
2022-06-02,30467.488281,4176.819824,1871.4
2022-06-03,29704.390625,4108.540039,1850.2
2022-06-06,31370.671875,4121.430176,1843.7
2022-06-07,31155.478516,4160.680176,1852.1
2022-06-08,30214.355469,4115.77002,1856.5
2022-06-09,30111.998047,4017.820068,1852.8
2022-06-10,29083.804688,3900.860107,1875.5
2022-06-13,22487.388672,3749.629883,1831.8
2022-06-14,22206.792969,3735.47998,1813.5
2022-06-15,22572.839844,3789.98999,1819.6
2022-06-16,20381.650391,3666.77002,1849.9
2022-06-17,20471.482422,3674.840088,1840.6
2022-06-21,20710.597656,3764.790039,1838.8
2022-06-22,19987.029297,3759.889893,1838.4
2022-06-23,21085.876953,3795.72998,1829.8
2022-06-24,21231.65625,3911.73999,1830.3
2022-06-27,20735.478516,3900.110107,1824.8
2022-06-28,20280.634766,3821.550049,1821.2
2022-06-29,20104.023438,3818.830078,1817.5
2022-06-30,19784.726563,3785.379883,1807.3
2022-07-01,19269.367188,3825.330078,1801.5
2022-07-05,20190.115234,3831.389893,1763.9
2022-07-06,20548.246094,3845.080078,1736.5
2022-07-07,21637.587891,3902.620117,1739.7
2022-07-08,21731.117188,3899.379883,1742.3
2022-07-11,19970.556641,3854.429932,1731.7
2022-07-12,19323.914063,3818.800049,1724.8
2022-07-13,20212.074219,3801.780029,1735.5
2022-07-14,20569.919922,3790.379883,1705.8
2022-07-15,20836.328125,3863.159912,1703.6
2022-07-18,22485.689453,3830.850098,1710.2
2022-07-19,23389.433594,3936.689941,1728.1
2022-07-20,23231.732422,3959.899902,1717.7
2022-07-21,23164.628906,3998.949951,1731.3
2022-07-22,22714.978516,3961.629883,1745.3
2022-07-25,21361.701172,3966.840088,1737.1
2022-07-26,21239.753906,3921.050049,1735.7
2022-07-27,22930.548828,4023.610107,1737.5
2022-07-28,23843.886719,4072.429932,1769.2
2022-07-29,23804.632813,4130.290039,1781.8
2022-08-01,23314.199219,4118.629883,1787.7
2022-08-02,22978.117188,4091.189941,1789.7
2022-08-03,22846.507813,4155.169922,1776.4
2022-08-04,22630.957031,4151.939941,1806.9
2022-08-05,23289.314453,4145.189941,1791.2
2022-08-08,23809.486328,4140.060059,1805.2
2022-08-09,23164.318359,4122.470215,1812.3
2022-08-10,23947.642578,4210.240234,1813.7
2022-08-11,23957.529297,4207.27002,1807.2
2022-08-12,24402.818359,4280.149902,1815.5
2022-08-15,24136.972656,4297.140137,1798.1
2022-08-16,23883.291016,4305.200195,1789.7
2022-08-17,23335.998047,4274.040039,1776.7
2022-08-18,23212.738281,4283.740234,1771.2
2022-08-19,20877.552734,4228.47998,1762.9
2022-08-22,21398.908203,4137.990234,1748.4
2022-08-23,21528.087891,4128.72998,1761.2
2022-08-24,21395.019531,4140.77002,1761.5
2022-08-25,21600.904297,4199.120117,1771.4
2022-08-26,20260.019531,4057.659912,1749.8
2022-08-29,20297.994141,4030.610107,1749.7
2022-08-30,19796.808594,3986.159912,1736.3
2022-08-31,20049.763672,3955.0,1726.2
2022-09-01,20127.140625,3966.850098,1709.3
2022-09-02,19969.771484,3924.26001,1722.6
2022-09-06,18837.667969,3908.189941,1712.9
2022-09-07,19290.324219,3979.870117,1727.8
2022-09-08,19329.833984,4006.179932,1720.2
2022-09-09,21381.152344,4067.360107,1728.6
2022-09-12,22370.449219,4110.410156,1740.6
2022-09-13,20296.707031,3932.689941,1717.4
2022-09-14,20241.089844,3946.01001,1709.1
2022-09-15,19701.210938,3901.350098,1677.3
2022-09-16,19772.583984,3873.330078,1683.5
2022-09-19,19544.128906,3899.889893,1678.2
2022-09-20,18890.789063,3855.929932,1671.1
2022-09-21,18547.400391,3789.929932,1675.7
2022-09-22,19413.550781,3757.98999,1681.1
2022-09-23,19297.638672,3693.22998,1655.6
2022-09-26,19222.671875,3655.040039,1633.4
2022-09-27,19110.546875,3647.290039,1636.2
2022-09-28,19426.720703,3719.040039,1670.0
2022-09-29,19573.050781,3640.469971,1668.6
2022-09-30,19431.789063,3585.620117,1672.0
2022-10-03,19623.580078,3678.429932,1702.0
2022-10-04,20336.84375,3790.929932,1730.5
2022-10-05,20160.716797,3783.280029,1720.8
2022-10-06,19955.443359,3744.52002,1720.9
2022-10-07,19546.849609,3639.659912,1709.3
2022-10-10,19141.484375,3612.389893,1675.2
2022-10-11,19051.417969,3588.840088,1686.0
2022-10-12,19157.445313,3577.030029,1677.5
2022-10-13,19382.904297,3669.909912,1672.9
2022-10-14,19185.65625,3583.070068,1672.9
2022-10-17,19550.757813,3677.949951,1664.0
2022-10-18,19334.416016,3719.97998,1655.5
2022-10-19,19139.535156,3695.159912,1634.2
2022-10-20,19053.740234,3665.780029,1636.8
2022-10-21,19172.46875,3752.75,1656.3
2022-10-24,19345.572266,3797.340088,1654.1
2022-10-25,20095.857422,3859.110107,1658.0
2022-10-26,20770.441406,3830.600098,1669.2
2022-10-27,20285.835938,3807.300049,1668.8
2022-10-28,20595.351563,3901.060059,1648.3
2022-10-31,20495.773438,3871.97998,1648.3
2022-11-01,20485.273438,3856.100098,1636.4
2022-11-02,20159.503906,3759.689941,1651.0
2022-11-03,20209.988281,3719.889893,1637.7
2022-11-04,21147.230469,3770.550049,1685.7
2022-11-07,20602.816406,3806.800049,1680.5
2022-11-08,18541.271484,3828.110107,1716.0
2022-11-09,15880.780273,3748.570068,1715.8
2022-11-10,17586.771484,3956.370117,1753.7
2022-11-11,17034.292969,3992.929932,1774.2
2022-11-14,16618.199219,3957.25,1774.2
2022-11-15,16884.613281,3991.72998,1774.7
2022-11-16,16669.439453,3958.790039,1775.8
2022-11-17,16687.517578,3946.560059,1763.0
2022-11-18,16697.777344,3965.340088,1769.0
2022-11-21,15787.28418,3949.939941,1754.6
2022-11-22,16189.769531,4003.580078,1754.8
2022-11-23,16610.707031,4027.26001,1760.4
2022-11-25,16521.841797,4026.120117,1768.8
2022-11-28,16217.322266,3963.939941,1755.3
2022-11-29,16444.982422,3957.629883,1763.7
2022-11-30,17168.566406,4080.110107,1759.9
2022-12-01,16967.132813,4076.570068,1815.2
2022-12-02,17088.660156,4071.699951,1809.6
2022-12-05,16974.826172,3998.840088,1781.3
2022-12-06,17089.503906,3941.26001,1782.4
2022-12-07,16848.126953,3933.919922,1798.0
2022-12-08,17233.474609,3963.51001,1801.5
2022-12-09,17133.152344,3934.379883,1810.7
2022-12-12,17206.4375,3990.560059,1792.3
2022-12-13,17781.318359,4019.649902,1825.5
2022-12-14,17815.650391,3995.320068,1818.7
2022-12-15,17364.865234,3895.75,1787.8
2022-12-16,16647.484375,3852.360107,1800.2
2022-12-19,16439.679688,3817.659912,1797.7
2022-12-20,16906.304688,3821.620117,1825.4
2022-12-21,16817.535156,3878.439941,1823.9
2022-12-22,16830.341797,3822.389893,1795.3
2022-12-23,16796.953125,3844.820068,1804.2
2022-12-27,16717.173828,3829.25,1823.1
2022-12-28,16552.572266,3783.219971,1815.8
2022-12-29,16642.341797,3849.280029,1826.0
2022-12-30,16602.585938,3839.5,1826.2
2023-01-03,16679.857422,3824.139893,1846.1
2023-01-04,16863.238281,3852.969971,1859.0
2023-01-05,16836.736328,3808.100098,1840.6
2023-01-06,16951.96875,3895.080078,1869.7
2023-01-09,17196.554688,3892.090088,1877.8
2023-01-10,17446.292969,3919.25,1876.5
2023-01-11,17934.896484,3969.610107,1878.9
2023-01-12,18869.587891,3983.169922,1898.8
2023-01-13,19909.574219,3999.090088,1921.7
2023-01-17,21161.519531,3990.969971,1909.9
2023-01-18,20688.78125,3928.860107,1907.0
2023-01-19,21086.792969,3898.850098,1923.9
2023-01-20,22676.552734,3972.610107,1928.2
2023-01-23,22934.431641,4019.810059,1945.4
2023-01-24,22636.46875,4016.949951,1952.2
2023-01-25,23117.859375,4016.219971,1959.4
2023-01-26,23032.777344,4060.429932,1946.7
2023-01-27,23078.728516,4070.560059,1945.6
2023-01-30,22840.138672,4017.77002,1939.2
2023-01-31,23139.283203,4076.600098,1945.3
2023-02-01,23723.769531,4119.209961,1942.8
2023-02-02,23471.871094,4179.759766,1930.8
2023-02-03,23449.322266,4136.47998,1876.6
2023-02-06,22760.109375,4111.080078,1879.5
2023-02-07,23264.291016,4164.0,1884.8
2023-02-08,22939.398438,4117.859863,1890.7
2023-02-09,21819.039063,4081.5,1878.5
2023-02-10,21651.183594,4090.459961,1874.5
2023-02-13,21808.101563,4137.290039,1863.5
2023-02-14,22220.804688,4136.129883,1865.4
2023-02-15,24307.841797,4147.600098,1845.3
2023-02-16,23623.474609,4090.409912,1851.8
2023-02-17,24565.601563,4079.090088,1850.2
2023-02-21,24436.353516,3997.340088,1842.5
2023-02-22,24188.84375,3991.050049,1841.5
2023-02-23,23947.492188,4012.320068,1826.8
2023-02-24,23198.126953,3970.040039,1817.1
2023-02-27,23522.871094,3982.23999,1824.9
2023-02-28,23147.353516,3970.149902,1836.7
2023-03-01,23646.550781,3951.389893,1845.4
2023-03-02,23475.466797,3981.350098,1840.5
2023-03-03,22362.679688,4045.639893,1854.6
2023-03-06,22429.757813,4048.419922,1852.4
2023-03-07,22219.769531,3986.370117,1820.0
2023-03-08,21718.080078,3992.01001,1818.6
2023-03-09,20363.021484,3918.320068,1834.6
2023-03-10,20187.244141,3861.590088,1867.2
2023-03-13,24197.533203,3855.76001,1916.5
2023-03-14,24746.074219,3919.290039,1910.9
2023-03-15,24375.960938,3891.929932,1931.3
2023-03-16,25052.789063,3960.280029,1923.0
2023-03-17,27423.929688,3916.639893,1990.2
2023-03-20,27767.236328,3951.570068,1999.7
2023-03-21,28175.816406,4002.870117,1941.1
2023-03-22,27307.4375,3936.969971,1949.6
2023-03-23,28333.972656,3948.719971,1995.9
2023-03-24,27493.285156,3970.98999,1983.8
2023-03-27,27139.888672,3977.530029,1953.8
2023-03-28,27268.130859,3971.27002,1973.5
2023-03-29,28348.441406,4027.810059,1966.9
2023-03-30,28033.5625,4050.830078,1980.3
2023-03-31,28478.484375,4109.310059,1969.0
2023-04-03,27790.220703,4124.509766,1983.9
2023-04-04,28168.089844,4100.600098,2022.2
2023-04-05,28177.984375,4090.379883,2020.9
2023-04-06,28044.140625,4105.02002,2026.4
2023-04-10,29652.980469,4109.109863,2003.8
2023-04-11,30235.058594,4108.939941,2019.0
2023-04-12,30139.052734,4091.949951,2024.9
2023-04-13,30399.066406,4146.220215,2055.3
2023-04-14,30485.699219,4137.640137,2015.8
2023-04-17,29445.044922,4151.319824,2007.0
2023-04-18,30397.552734,4154.870117,2019.7
2023-04-19,28822.679688,4154.52002,2007.3
2023-04-20,28245.988281,4129.790039,2019.1
2023-04-21,27276.910156,4133.52002,1990.5
2023-04-24,27525.339844,4137.040039,1999.8
2023-04-25,28307.597656,4071.629883,2004.5
2023-04-26,28422.701172,4055.98999,1996.0
2023-04-27,29473.787109,4135.350098,1999.0
2023-04-28,29340.261719,4169.47998,1999.1
2023-05-01,28091.568359,4167.870117,1992.2
2023-05-02,28680.537109,4119.580078,2023.3
2023-05-03,29006.308594,4090.75,2037.0
2023-05-04,28847.710938,4061.219971,2055.7
2023-05-05,29534.384766,4136.25,2024.8
2023-05-08,27694.273438,4138.120117,2033.2
2023-05-09,27658.775391,4119.169922,2042.9
2023-05-10,27621.755859,4137.640137,2037.1
2023-05-11,27000.789063,4130.620117,2020.5
2023-05-12,26804.990234,4124.080078,2019.8
2023-05-15,27192.693359,4136.279785,2022.7
2023-05-16,27036.650391,4109.899902,1993.0
2023-05-17,27398.802734,4158.77002,1984.9
2023-05-18,26832.208984,4198.049805,1959.8
2023-05-19,26890.128906,4191.97998,1981.6
2023-05-22,26851.277344,4192.629883,1977.2
2023-05-23,27225.726563,4145.580078,1974.5
2023-05-24,26334.818359,4115.240234,1964.6
2023-05-25,26476.207031,4151.279785,1943.7
2023-05-26,26719.291016,4205.450195,1944.3
2023-05-30,27702.349609,4205.52002,1958.0
2023-05-31,27219.658203,4179.830078,1963.9
2023-06-01,26819.972656,4221.02002,1978.0
2023-06-02,27249.589844,4282.370117,1952.4
2023-06-05,25760.097656,4273.790039,1958.0
2023-06-06,27238.783203,4283.850098,1965.5
2023-06-07,26345.998047,4267.52002,1958.4
2023-06-08,26508.216797,4293.930176,1978.6
2023-06-09,26480.375,4298.859863,1977.2
2023-06-12,25902.5,4338.930176,1969.7
2023-06-13,25918.728516,4369.009766,1958.6
2023-06-14,25124.675781,4372.589844,1968.9
2023-06-15,25576.394531,4425.839844,1970.7
2023-06-16,26327.462891,4409.589844,1971.2
2023-06-20,28327.488281,4388.709961,1947.7
2023-06-21,30027.296875,4365.689941,1944.9
2023-06-22,29912.28125,4381.890137,1923.7
2023-06-23,30695.46875,4348.330078,1929.6
2023-06-26,30271.130859,4328.819824,1933.8
2023-06-27,30688.164063,4378.410156,1923.8
2023-06-28,30086.246094,4376.859863,1922.2
2023-06-29,30445.351563,4396.439941,1917.9
2023-06-30,30477.251953,4450.379883,1929.4
2023-07-03,31156.439453,4455.589844,1929.5
2023-07-05,30514.166016,4446.819824,1927.1
2023-07-06,29909.337891,4411.589844,1915.4
2023-07-07,30342.265625,4398.950195,1932.5
2023-07-10,30414.470703,4409.529785,1931.0
2023-07-11,30620.951172,4439.259766,1937.1
2023-07-12,30391.646484,4472.160156,1961.7
2023-07-13,31476.048828,4510.040039,1963.8
2023-07-14,30334.068359,4505.419922,1964.4
2023-07-17,30145.888672,4522.790039,1956.4
2023-07-18,29856.5625,4554.97998,1980.8
2023-07-19,29913.923828,4565.720215,1980.4
2023-07-20,29792.015625,4534.870117,1970.9
2023-07-21,29908.744141,4536.339844,1966.6
2023-07-24,29176.916016,4554.640137,1962.2
2023-07-25,29227.390625,4567.459961,1963.7
2023-07-26,29354.972656,4566.75,1970.1
2023-07-27,29210.689453,4537.410156,1945.7
2023-07-28,29319.246094,4582.22998,1960.4
2023-07-31,29230.111328,4588.959961,1970.5
2023-08-01,29675.732422,4576.72998,1940.7
2023-08-02,29151.958984,4513.390137,1937.4
2023-08-03,29178.679688,4501.890137,1932.0
2023-08-04,29074.091797,4478.029785,1939.6
2023-08-07,29180.578125,4518.439941,1970.0
2023-08-08,29765.492188,4499.379883,1959.9
2023-08-09,29561.494141,4467.709961,1950.6
2023-08-10,29429.591797,4468.830078,1948.9
2023-08-11,29397.714844,4464.049805,1946.6
2023-08-14,29408.443359,4489.720215,1944.0
2023-08-15,29170.347656,4437.859863,1935.2
2023-08-16,28701.779297,4404.330078,1928.3
2023-08-17,26664.550781,4370.359863,1915.2
2023-08-18,26049.556641,4369.709961,1916.5
2023-08-21,26124.140625,4399.77002,1923.0
2023-08-22,26031.65625,4387.549805,1926.0
2023-08-23,26431.640625,4436.009766,1948.1
2023-08-24,26162.373047,4376.310059,1947.1
2023-08-25,26047.667969,4405.709961,1939.9
2023-08-28,26106.150391,4433.310059,1946.8
2023-08-29,27727.392578,4497.629883,1965.1
2023-08-30,27297.265625,4514.870117,1973.0
2023-08-31,25931.472656,4507.660156,1965.9
2023-09-01,25800.724609,4515.77002,1967.1
2023-09-05,25779.982422,4496.830078,1952.6
2023-09-06,25753.236328,4465.47998,1944.2
2023-09-07,26240.195313,4451.140137,1942.5
2023-09-08,25905.654297,4457.490234,1942.7
2023-09-11,25162.654297,4487.459961,1947.2
2023-09-12,25833.34375,4461.899902,1935.1
2023-09-13,26228.324219,4467.439941,1932.5
2023-09-14,26539.673828,4505.100098,1932.8
2023-09-15,26608.693359,4450.319824,1946.2
2023-09-18,26754.28125,4453.529785,1953.4
2023-09-19,27211.117188,4443.950195,1953.7
2023-09-20,27132.007813,4402.200195,1967.1
2023-09-21,26567.632813,4330.0,1939.6
2023-09-22,26579.568359,4320.060059,1945.6
2023-09-25,26298.480469,4337.439941,1936.6
2023-09-26,26217.25,4273.529785,1919.8
2023-09-27,26352.716797,4274.509766,1890.9
2023-09-28,27021.546875,4299.700195,1878.6
2023-09-29,26911.720703,4288.049805,1866.1
2023-10-02,27530.785156,4288.390137,1847.2
2023-10-03,27429.978516,4229.450195,1841.5
2023-10-04,27799.394531,4263.75,1834.8
2023-10-05,27415.912109,4258.189941,1831.8
2023-10-06,27946.597656,4308.5,1845.2
2023-10-09,27583.677734,4335.660156,1864.3
2023-10-10,27391.019531,4358.240234,1875.3
2023-10-11,26873.320313,4376.950195,1887.3
2023-10-12,26756.798828,4349.609863,1883.0
2023-10-13,26862.375,4327.779785,1941.5
2023-10-16,28519.466797,4373.629883,1934.3
2023-10-17,28415.748047,4373.200195,1935.7
2023-10-18,28328.341797,4314.600098,1968.3
2023-10-19,28719.806641,4278.0,1980.5
2023-10-20,29682.949219,4224.160156,1994.4
2023-10-23,33086.234375,4217.040039,1987.8
2023-10-24,33901.527344,4247.680176,1986.1
2023-10-25,34502.820313,4186.77002,1994.9
2023-10-26,34156.648438,4137.22998,1997.4
2023-10-27,33909.800781,4117.370117,1998.5
2023-10-30,34502.363281,4166.819824,2005.6
2023-10-31,34667.78125,4193.799805,1994.3
2023-11-01,35437.253906,4237.859863,1987.5
2023-11-02,34938.242188,4317.779785,1993.5
2023-11-03,34732.324219,4358.339844,1999.2
2023-11-06,35037.371094,4365.97998,1988.6
2023-11-07,35443.5625,4378.379883,1973.5
2023-11-08,35655.277344,4382.779785,1957.8
2023-11-09,36693.125,4347.350098,1969.8
2023-11-10,37313.96875,4415.240234,1937.7
2023-11-13,36502.355469,4411.549805,1950.2
2023-11-14,35537.640625,4495.700195,1966.5
2023-11-15,37880.582031,4502.879883,1964.3
2023-11-16,36154.769531,4508.240234,1987.3
2023-11-17,36596.683594,4514.02002,1984.7
2023-11-20,37476.957031,4547.379883,1980.3
2023-11-21,35813.8125,4538.189941,2001.6
2023-11-22,37432.339844,4556.620117,1992.8
2023-11-24,37720.28125,4559.339844,2003.0
2023-11-27,37254.167969,4550.430176,2012.4
2023-11-28,37831.085938,4554.890137,2040.0
2023-11-29,37858.492188,4550.580078,2067.1
2023-11-30,37712.746094,4567.799805,2057.2
2023-12-01,38688.75,4594.629883,2089.7
2023-12-04,41980.097656,4569.779785,2042.2
2023-12-05,44080.648438,4567.180176,2036.3
2023-12-06,43746.445313,4549.339844,2047.9
2023-12-07,43292.664063,4585.589844,2046.4
2023-12-08,44166.601563,4604.370117,2014.5
2023-12-11,41243.832031,4622.439941,1993.7
2023-12-12,41450.222656,4643.700195,1993.2
2023-12-13,42890.742188,4707.089844,1997.3
2023-12-14,43023.972656,4719.549805,2044.9
2023-12-15,41929.757813,4719.189941,2035.7
2023-12-18,42623.539063,4740.560059,2040.5
2023-12-19,42270.527344,4768.370117,2052.1
2023-12-20,43652.25,4698.350098,2047.7
2023-12-21,43869.152344,4746.75,2051.3
2023-12-22,43997.902344,4754.629883,2069.1
2023-12-26,42520.402344,4774.75,2069.8
2023-12-27,43442.855469,4781.580078,2093.1
2023-12-28,42627.855469,4783.350098,2083.5
2023-12-29,42099.402344,4769.830078,2071.8
2024-01-02,44957.96875,4742.830078,2073.4
2024-01-03,42848.175781,4704.810059,2042.8
2024-01-04,44179.921875,4688.680176,2050.0
2024-01-05,44162.691406,4697.240234,2049.8
2024-01-08,46970.503906,4763.540039,2033.5
2024-01-09,46139.730469,4756.5,2033.0
2024-01-10,46627.777344,4783.450195,2027.8
2024-01-11,46368.585938,4780.240234,2019.2
2024-01-12,42853.167969,4783.830078,2051.6
2024-01-16,43154.945313,4765.97998,2030.2
2024-01-17,42742.652344,4739.209961,2006.5
2024-01-18,41262.058594,4780.939941,2021.6
2024-01-19,41618.40625,4839.810059,2029.3
2024-01-22,39507.367188,4850.430176,2022.2
2024-01-23,39845.550781,4864.600098,2025.8
2024-01-24,40077.074219,4868.549805,2016.0
2024-01-25,39933.808594,4894.160156,2017.8
2024-01-26,41816.871094,4890.970215,2017.3
2024-01-29,43288.246094,4927.930176,2025.4
2024-01-30,42952.609375,4924.970215,2050.9
2024-01-31,42582.605469,4845.649902,2067.4
2024-02-01,43075.773438,4906.189941,2071.1
2024-02-02,43185.859375,4958.609863,2053.7
2024-02-05,42658.667969,4942.810059,2042.9
2024-02-06,43084.671875,4954.22998,2051.4
2024-02-07,44318.222656,4995.060059,2051.7
2024-02-08,45301.566406,4997.910156,2047.9
2024-02-09,47147.199219,5026.609863,2038.7
2024-02-12,49958.222656,5021.839844,2033.0
2024-02-13,49742.441406,4953.169922,2007.2
2024-02-14,51826.695313,5000.620117,2004.3
2024-02-15,51938.554688,5029.72998,2014.9
2024-02-16,52160.203125,5005.569824,2024.1
2024-02-20,52284.875,4975.509766,2039.8
2024-02-21,51839.179688,4981.799805,2034.3
2024-02-22,51304.972656,5087.029785,2030.7
2024-02-23,50731.949219,5088.799805,2049.4
2024-02-26,54522.402344,5069.529785,2038.9
2024-02-27,57085.371094,5078.180176,2044.1
2024-02-28,62504.789063,5069.759766,2042.7
2024-02-29,61198.382813,5096.27002,2054.7
2024-03-01,62440.632813,5137.080078,2095.7
2024-03-04,68330.414063,5130.950195,2126.3
2024-03-05,63801.199219,5078.649902,2141.9
2024-03-06,66106.804688,5104.759766,2158.2
2024-03-07,66925.484375,5157.359863,2165.2
2024-03-08,68300.09375,5123.689941,2185.5
2024-03-11,72123.90625,5117.939941,2188.6
2024-03-12,71481.289063,5175.27002,2166.1
2024-03-13,73083.5,5165.310059,2180.8
2024-03-14,71396.59375,5150.47998,2167.5
2024-03-15,69403.773438,5117.089844,2161.5
2024-03-18,67548.59375,5149.419922,2164.3
2024-03-19,61912.773438,5178.509766,2159.7
2024-03-20,67913.671875,5224.620117,2161.0
2024-03-21,65491.390625,5241.529785,2184.7
2024-03-22,63778.761719,5234.180176,2160.0
2024-03-25,69958.8125,5218.189941,2176.4
2024-03-26,69987.835938,5203.580078,2177.2
2024-03-27,69455.34375,5248.490234,2212.7
2024-03-28,70744.953125,5254.350098,2238.4
2024-04-01,69702.148438,5243.77002,2257.1
2024-04-02,65446.972656,5205.810059,2281.8
2024-04-03,65980.8125,5211.490234,2315.0
2024-04-04,68508.84375,5147.209961,2308.5
2024-04-05,67837.640625,5204.339844,2345.4
2024-04-08,71631.359375,5202.390137,2351.0
2024-04-09,69139.015625,5209.910156,2362.4
2024-04-10,70587.882813,5160.640137,2348.4
2024-04-11,70060.609375,5199.060059,2372.7
2024-04-12,67195.867188,5123.410156,2374.1
2024-04-15,63426.210938,5061.819824,2383.0
2024-04-16,63811.863281,5051.410156,2407.8
2024-04-17,61276.691406,5022.209961,2388.4
2024-04-18,63512.753906,5011.120117,2398.0
2024-04-19,63843.570313,4967.22998,2413.8
